{
    "K": [707.0493, 0.0, 604.0814, 0.0, 707.0493, 180.5066, 0.0, 0.0, 1.0],
    "rotation_mat": [-0.00159609942076306, -0.9999162467477257, -0.012840436309973332,
                     -0.005270645688933059, 0.012848695454066989, -0.9999035522454274,
                     0.999984790046273, -0.0015282672486530082, -0.0052907123281999745],
    "translation_vec": [0.03809494634099009, -0.061439069708413556, -0.3275679830240175]
}
